Workbook

Sheet Задание 1

Sheet Задание 1.2 Диаграмма

Sheet Сводная для диаграммы

Sheet Лист1
A1: Дата | B1: Территория | C1: Товарооборот, шт | D1: Товарооборот, руб | E1: Количество складов | F1: Количество заказов | G1: Количество клиентов | H1: Товарооборот на склад | I1: Неделя
A2: 43982 | B2: Самара | C2: 7944 | D2: 623971.5 | E2: =SUMIFS('Лист2'!C:C, 'Лист2'!A:A, A2, 'Лист2'!B:B, B2) -> 15 | H2: =IFERROR(D2/E2,0) -> 41598.1 | I2: =WEEKNUM(A2,2) -> 22
A3: 43981 | B3: Самара | C3: 10029 | D3: 787101 | E3: =SUMIFS('Лист2'!C:C, 'Лист2'!A:A, A3, 'Лист2'!B:B, B3) -> 15 | H3: =IFERROR(D3/E3,0) -> 52473.4 | I3: =WEEKNUM(A3,2) -> 22
A4: 43979 | B4: Самара | C4: 8536.5 | D4: 643944 | E4: =SUMIFS('Лист2'!C:C, 'Лист2'!A:A, A4, 'Лист2'!B:B, B4) -> 15 | H4: =IFERROR(D4/E4,0) -> 42929.6 | I4: =WEEKNUM(A4,2) -> 22
A5: 43967 | B5: Кемерово | C5: 38947.5 | D5: 3395892 | E5: =SUMIFS('Лист2'!C:C, 'Лист2'!A:A, A5, 'Лист2'!B:B, B5) -> 21 | H5: =IFERROR(D5/E5,0) -> 161709.14 | I5: =WEEKNUM(A5,2) -> 20
A6: 43970 | B6: Кемерово | C6: 31842 | D6: 2771116.5 | E6: =SUMIFS('Лист2'!C:C, 'Лист2'!A:A, A6, 'Лист2'!B:B, B6) -> 21 | H6: =IFERROR(D6/E6,0) -> 131957.93 | I6: =WEEKNUM(A6,2) -> 21
A7: 43968 | B7: Кемерово | C7: 32023.5 | D7: 2882458.5 | E7: =SUMIFS('Лист2'!C:C, 'Лист2'!A:A, A7, 'Лист2'!B:B, B7) -> 21 | H7: =IFERROR(D7/E7,0) -> 137259.93 | I7: =WEEKNUM(A7,2) -> 20
A8: 43960 | B8: Кемерово | C8: 31147.5 | D8: 2831019 | E8: =SUMIFS('Лист2'!C:C, 'Лист2'!A:A, A8, 'Лист2'!B:B, B8) -> 21 | H8: =IFERROR(D8/E8,0) -> 134810.43 | I8: =WEEKNUM(A8,2) -> 19
A9: 43955 | B9: Кемерово | C9: 25566 | D9: 2372310 | E9: =SUMIFS('Лист2'!C:C, 'Лист2'!A:A, A9, 'Лист2'!B:B, B9) -> 20 | H9: =IFERROR(D9/E9,0) -> 118615.5 | I9: =WEEKNUM(A9,2) -> 19
A10: 43950 | B10: Кемерово | C10: 29319 | D10: 2623480.5 | E10: =SUMIFS('Лист2'!C:C, 'Лист2'!A:A, A10, 'Лист2'!B:B, B10) -> 18 | H10: =IFERROR(D10/E10,0) -> 145748.92 | I10: =WEEKNUM(A10,2) -> 18
A11: 43953 | B11: Кемерово | C11: 29031 | D11: 2711247 | E11: =SUMIFS('Лист2'!C:C, 'Лист2'!A:A, A11, 'Лист2'!B:B, B11) -> 18 | H11: =IFERROR(D11/E11,0) -> 150624.83 | I11: =WEEKNUM(A11,2) -> 18
A12: 43977 | B12: Кемерово | C12: 33423 | D12: 2970330 | E12: =SUMIFS('Лист2'!C:C, 'Лист2'!A:A, A12, 'Лист2'!B:B, B12) -> 20 | H12: =IFERROR(D12/E12,0) -> 148516.5 | I12: =WEEKNUM(A12,2) -> 22
A13: 43952 | B13: Кемерово | C13: 32487 | D13: 3031254 | E13: =SUMIFS('Лист2'!C:C, 'Лист2'!A:A, A13, 'Лист2'!B:B, B13) -> 18 | H13: =IFERROR(D13/E13,0) -> 168403 | I13: =WEEKNUM(A13,2) -> 18
... A505: 43983 | B505: Новосибирск | C505: 14238 | D505: 1293219 | E505: =SUMIFS('Лист2'!C:C, 'Лист2'!A:A, A505, 'Лист2'!B:B, B505) -> 18 | H505: =IFERROR(D505/E505,0) -> 71845.5 | I505: =WEEKNUM(A505,2) -> 23
A506: 43949 | B506: Волгоград | E506: =SUMIFS('Лист2'!C:C, 'Лист2'!A:A, A506, 'Лист2'!B:B, B506) -> 36 | F506: 4923 | G506: 4560 | H506: =IFERROR(D506/E506,0) -> 0 | I506: =WEEKNUM(A506,2) -> 18
A507: 43949 | B507: Екатеринбург | E507: =SUMIFS('Лист2'!C:C, 'Лист2'!A:A, A507, 'Лист2'!B:B, B507) -> 31 | F507: 5465 | G507: 5096 | H507: =IFERROR(D507/E507,0) -> 0 | I507: =WEEKNUM(A507,2) -> 18
A508: 43949 | B508: Казань | E508: =SUMIFS('Лист2'!C:C, 'Лист2'!A:A, A508, 'Лист2'!B:B, B508) -> 19 | F508: 1846 | G508: 1681 | H508: =IFERROR(D508/E508,0) -> 0 | I508: =WEEKNUM(A508,2) -> 18
A509: 43949 | B509: Кемерово | E509: =SUMIFS('Лист2'!C:C, 'Лист2'!A:A, A509, 'Лист2'!B:B, B509) -> 18 | F509: 1539 | G509: 1404 | H509: =IFERROR(D509/E509,0) -> 0 | I509: =WEEKNUM(A509,2) -> 18
A510: 43949 | B510: Краснодар | E510: =SUMIFS('Лист2'!C:C, 'Лист2'!A:A, A510, 'Лист2'!B:B, B510) -> 18 | F510: 1505 | G510: 1368 | H510: =IFERROR(D510/E510,0) -> 0 | I510: =WEEKNUM(A510,2) -> 18
A511: 43949 | B511: Москва Восток | E511: =SUMIFS('Лист2'!C:C, 'Лист2'!A:A, A511, 'Лист2'!B:B, B511) -> 54 | F511: 12306 | G511: 11532 | H511: =IFERROR(D511/E511,0) -> 0 | I511: =WEEKNUM(A511,2) -> 18
A512: 43949 | B512: Москва Запад | E512: =SUMIFS('Лист2'!C:C, 'Лист2'!A:A, A512, 'Лист2'!B:B, B512) -> 59 | F512: 12943 | G512: 12072 | H512: =IFERROR(D512/E512,0) -> 0 | I512: =WEEKNUM(A512,2) -> 18
A513: 43949 | B513: Нижний Новгород | E513: =SUMIFS('Лист2'!C:C, 'Лист2'!A:A, A513, 'Лист2'!B:B, B513) -> 17 | F513: 1439 | G513: 1265 | H513: =IFERROR(D513/E513,0) -> 0 | I513: =WEEKNUM(A513,2) -> 18
A514: 43949 | B514: Новосибирск | E514: =SUMIFS('Лист2'!C:C, 'Лист2'!A:A, A514, 'Лист2'!B:B, B514) -> 15 | F514: 636 | G514: 547 | H514: =IFERROR(D514/E514,0) -> 0 | I514: =WEEKNUM(A514,2) -> 18
A515: 43949 | B515: Пермь | E515: =SUMIFS('Лист2'!C:C, 'Лист2'!A:A, A515, 'Лист2'!B:B, B515) -> 15 | F515: 780 | G515: 690 | H515: =IFERROR(D515/E515,0) -> 0 | I515: =WEEKNUM(A515,2) -> 18
A516: 43949 | B516: Санкт-Петербург Север | E516: =SUMIFS('Лист2'!C:C, 'Лист2'!A:A, A516, 'Лист2'!B:B, B516) -> 125 | F516: 20914 | G516: 19479 | H516: =IFERROR(D516/E516,0) -> 0 | I516: =WEEKNUM(A516,2) -> 18
A517: 43949 | B517: Санкт-Петербург Юг | E517: =SUMIFS('Лист2'!C:C, 'Лист2'!A:A, A517, 'Лист2'!B:B, B517) -> 128 | F517: 16450 | G517: 15320 | H517: =IFERROR(D517/E517,0) -> 0 | I517: =WEEKNUM(A517,2) -> 18
... A1009: 43983 | B1009: Уфа | E1009: =SUMIFS('Лист2'!C:C, 'Лист2'!A:A, A1009, 'Лист2'!B:B, B1009) -> 6 | F1009: 237 | G1009: 175 | H1009: =IFERROR(D1009/E1009,0) -> 0 | I1009: =WEEKNUM(A1009,2) -> 23

Sheet Лист2
A1: Дата | B1: Территория | C1: Количество складов | D1: Количество заказов | E1: Количество клиентов
A2: 43949 | B2: Волгоград | C2: 36 | D2: 4923 | E2: 4560
A3: 43949 | B3: Екатеринбург | C3: 31 | D3: 5465 | E3: 5096
A4: 43949 | B4: Казань | C4: 19 | D4: 1846 | E4: 1681
A5: 43949 | B5: Кемерово | C5: 18 | D5: 1539 | E5: 1404
A6: 43949 | B6: Краснодар | C6: 18 | D6: 1505 | E6: 1368
A7: 43949 | B7: Москва Восток | C7: 54 | D7: 12306 | E7: 11532
A8: 43949 | B8: Москва Запад | C8: 59 | D8: 12943 | E8: 12072
A9: 43949 | B9: Нижний Новгород | C9: 17 | D9: 1439 | E9: 1265
A10: 43949 | B10: Новосибирск | C10: 15 | D10: 636 | E10: 547
A11: 43949 | B11: Пермь | C11: 15 | D11: 780 | E11: 690
A12: 43949 | B12: Санкт-Петербург Север | C12: 125 | D12: 20914 | E12: 19479
A13: 43949 | B13: Санкт-Петербург Юг | C13: 128 | D13: 16450 | E13: 15320
... A505: 43983 | B505: Уфа | C505: 6 | D505: 237 | E505: 175
